{"B": {"zero_point": 21.548281434486093, "zero_point_err": 5.504147111222244}, "V": {"zero_point": 21.983018935753506, "zero_point_err": 4.5966120524083065}}